{"loss": [2.6559667587280273, 1.3679221868515015, 0.8555391430854797, 0.5653361678123474, 0.41883784532546997, 0.31781280040740967, 0.25036707520484924, 0.21375972032546997, 0.17870159447193146, 0.15937098860740662], "acc": [0.27781251072883606, 0.6705220341682434, 0.8315625190734863, 0.9028124809265137, 0.9387500286102295, 0.9587500095367432, 0.9665625095367432, 0.9731249809265137, 0.9806249737739563, 0.9834374785423279], "val_loss": [2.0474889278411865, 1.2686738967895508, 0.9583698511123657, 0.7438507676124573, 0.6354044675827026, 0.5230077505111694, 0.48792219161987305, 0.42142215371131897, 0.4043571352958679, 0.3844057321548462], "val_acc": [0.42656248807907104, 0.696093738079071, 0.766406238079071, 0.8226562738418579, 0.83984375, 0.8609374761581421, 0.8765624761581421, 0.8984375, 0.8843749761581421, 0.903124988079071], "test_loss": 0.37579965591430664, "test_acc": 0.8999999761581421}