{"loss": [3.5446889400482178, 2.5346882343292236, 1.9695007801055908, 1.5631005764007568, 1.3299450874328613, 1.1577681303024292, 0.9950559735298157, 0.8573108911514282, 0.7726830244064331, 0.6832716464996338], "acc": [0.08562500029802322, 0.2603124976158142, 0.41093748807907104, 0.5621874928474426, 0.6565625071525574, 0.7093750238418579, 0.765625, 0.8212500214576721, 0.8409374952316284, 0.875], "val_loss": [2.9682934284210205, 2.293046474456787, 1.9530292749404907, 1.57944655418396, 1.3939783573150635, 1.268654227256775, 1.1036906242370605, 0.9959008097648621, 0.9411252737045288, 0.8526589274406433], "val_acc": [0.13671875, 0.29765623807907104, 0.41484373807907104, 0.530468761920929, 0.59765625, 0.653124988079071, 0.69140625, 0.7445312738418579, 0.764843761920929, 0.793749988079071], "test_loss": 0.887222409248352, "test_acc": 0.7749999761581421}