{"loss": [3.136514902114868, 3.0028505325317383, 2.8130459785461426, 2.6643707752227783, 2.5596277713775635, 2.4591147899627686, 2.4290597438812256, 2.3343822956085205, 2.325366735458374, 2.272730588912964], "acc": [0.09312500059604645, 0.18286964297294617, 0.20874999463558197, 0.2331978678703308, 0.2541419267654419, 0.26656249165534973, 0.28593748807907104, 0.3075000047683716, 0.30656251311302185, 0.3215624988079071], "val_loss": [3.1007273197174072, 2.9610395431518555, 2.818939208984375, 2.694878101348877, 2.6336164474487305, 2.593549966812134, 2.4974606037139893, 2.507915735244751, 2.4305546283721924, 2.4433207511901855], "val_acc": [0.15312500298023224, 0.20078125596046448, 0.19921875, 0.21523436903953552, 0.208984375, 0.22773437201976776, 0.2632812559604645, 0.2503906190395355, 0.27031248807907104, 0.26445311307907104], "test_loss": 2.549401044845581, "test_acc": 0.24531249701976776}